"","SC102KM","SOC10M","from","to"
"1",1111,1115,0,0.739920210508446
"2",1111,1116,0.739920210508446,0.838497014967603
"3",1111,1135,0.838497014967603,0.878618113912232
"4",1111,1139,0.878618113912232,0.980958039781569
"5",1111,2429,0.980958039781569,1
"6",1112,1115,0,0.359337953674995
"7",1112,1121,0.359337953674995,0.455097574320627
"8",1112,1122,0.455097574320627,0.463364034287799
"9",1112,1123,0.463364034287799,0.487775852635419
"10",1112,1131,0.487775852635419,0.587123837315338
"11",1112,1132,0.587123837315338,0.629062556994346
"12",1112,1134,0.629062556994346,0.637032646361481
"13",1112,1135,0.637032646361481,0.671703447018056
"14",1112,1136,0.671703447018056,0.681953310231625
"15",1112,1139,0.681953310231625,0.749639795732263
"16",1112,1150,0.749639795732263,0.807281597665512
"17",1112,1161,0.807281597665512,0.840548057632683
"18",1112,1181,0.840548057632683,0.878232719314244
"19",1112,1184,0.878232719314244,0.880325551705271
"20",1112,1190,0.880325551705271,0.900779682655481
"21",1112,1221,0.900779682655481,0.903579244938902
"22",1112,1225,0.903579244938902,0.909415465985774
"23",1112,1226,0.909415465985774,0.922241473645814
"24",1112,1242,0.922241473645814,0.942759438263724
"25",1112,1251,0.942759438263724,0.962949115447748
"26",1112,1255,0.962949115447748,0.967991975196061
"27",1112,1259,0.967991975196061,1
"28",1113,1115,0,0.0551882429515947
"29",1113,1116,0.0551882429515947,0.262512418211092
"30",1113,1135,0.262512418211092,0.286355383508616
"31",1113,1139,0.286355383508616,0.866728329507953
"32",1113,2424,0.866728329507953,0.960855514827629
"33",1113,2429,0.960855514827629,0.971395293069782
"34",1113,2463,0.971395293069782,0.990636383360168
"35",1113,4162,0.990636383360168,1
"36",1114,1115,0,0.105215499087463
"37",1114,1132,0.105215499087463,0.109335953951987
"38",1114,1134,0.109335953951987,0.114495296925453
"39",1114,1139,0.114495296925453,0.733553278113155
"40",1114,2424,0.733553278113155,0.981784360522252
"41",1114,2442,0.981784360522252,1
"42",1121,1115,0,0.0148536257195518
"43",1121,1121,0.0148536257195518,0.779491255065749
"44",1121,1122,0.779491255065749,0.782255525521391
"45",1121,1132,0.782255525521391,0.786019055993185
"46",1121,1133,0.786019055993185,0.786455477370102
"47",1121,1135,0.786455477370102,0.788955640424214
"48",1121,1139,0.788955640424214,0.789481439610796
"49",1121,1150,0.789481439610796,0.790466205928084
"50",1121,1161,0.790466205928084,0.790929199086253
"51",1121,1190,0.790929199086253,0.792265840203749
"52",1121,1213,0.792265840203749,0.793589598033366
"53",1121,1223,0.793589598033366,0.794487402157468
"54",1121,1252,0.794487402157468,0.796203295061916
"55",1121,1259,0.796203295061916,0.799177724151092
"56",1121,2122,0.799177724151092,0.799697081693734
"57",1121,2129,0.799697081693734,0.854252169424898
"58",1121,2134,0.854252169424898,0.854686980390831
"59",1121,2424,0.854686980390831,0.930184657775588
"60",1121,2436,0.930184657775588,0.932277386850511
"61",1121,3116,0.932277386850511,0.936979786926523
"62",1121,3412,0.936979786926523,0.939082983672848
"63",1121,4161,0.939082983672848,0.941606497686242
"64",1121,5223,0.941606497686242,0.946920048731036
"65",1121,5235,0.946920048731036,0.948214013957432
"66",1121,5250,0.948214013957432,0.959322628931516
"67",1121,5319,0.959322628931516,0.977285153057486
"68",1121,5422,0.977285153057486,0.985999086896971
"69",1121,5423,0.985999086896971,0.987293052123367
"70",1121,5432,0.987293052123367,0.996349198297151
"71",1121,8111,0.996349198297151,0.996891906799075
"72",1121,8114,0.996891906799075,0.997354094751751
"73",1121,8132,0.997354094751751,0.998637592306745
"74",1121,9134,0.998637592306745,1
"75",1122,1115,0,0.00257624568730818
"76",1122,1121,0.00257624568730818,0.00522009324141118
"77",1122,1122,0.00522009324141118,0.739616045979102
"78",1122,2436,0.739616045979102,0.967140576238313
"79",1122,2461,0.967140576238313,0.969341938846122
"80",1122,5319,0.969341938846122,0.990732398624855
"81",1122,5330,0.990732398624855,1
"82",1123,1123,0,0.554331481879277
"83",1123,2424,0.554331481879277,0.922105952271356
"84",1123,2436,0.922105952271356,0.991980442098587
"85",1123,5330,0.991980442098587,1
"86",1131,1115,0,0.000668735057502605
"87",1131,1131,0.000668735057502605,0.857653189598348
"88",1131,2421,0.857653189598348,0.860097564522409
"89",1131,2424,0.860097564522409,0.893849072524747
"90",1131,2429,0.893849072524747,0.903086035300409
"91",1131,2462,0.903086035300409,0.905082673447774
"92",1131,3535,0.905082673447774,0.912543996356877
"93",1131,3538,0.912543996356877,1
"94",1132,1115,0,0.000477545193272805
"95",1132,1132,0.000477545193272805,0.281351839421792
"96",1132,1139,0.281351839421792,0.282067949402653
"97",1132,2129,0.282067949402653,0.28253302605302
"98",1132,2133,0.28253302605302,0.283794011358843
"99",1132,2137,0.283794011358843,0.284989329005364
"100",1132,2150,0.284989329005364,0.285264052567377
"101",1132,2424,0.285264052567377,0.319451134741309
"102",1132,3538,0.319451134741309,0.320023440860662
"103",1132,3539,0.320023440860662,0.321397058670729
"104",1132,3542,0.321397058670729,0.321692563137584
"105",1132,3545,0.321692563137584,0.999471749398912
"106",1132,7125,0.999471749398912,1
"107",1133,1133,0,0.935258531052084
"108",1133,2424,0.935258531052084,0.987286132904811
"109",1133,2462,0.987286132904811,0.993099536818225
"110",1133,3538,0.993099536818225,1
"111",1134,1115,0,0.0253190989533032
"112",1134,1134,0.0253190989533032,0.453112683041424
"113",1134,2424,0.453112683041424,0.460207251181123
"114",1134,2472,0.460207251181123,0.492720106496829
"115",1134,2473,0.492720106496829,0.94500796115998
"116",1134,3545,0.94500796115998,1
"117",1135,1115,0,0.00461728856718039
"118",1135,1135,0.00461728856718039,0.853683770043716
"119",1135,1259,0.853683770043716,0.860243774317334
"120",1135,2424,0.860243774317334,0.900458523642904
"121",1135,3239,0.900458523642904,0.901938264020585
"122",1135,3539,0.901938264020585,0.90387741837834
"123",1135,3563,0.90387741837834,1
"124",1136,1115,0,0.00787062506261523
"125",1136,1133,0.00787062506261523,0.00829948448987698
"126",1136,1135,0.00829948448987698,0.00995252666749861
"127",1136,1136,0.00995252666749861,0.211803828449199
"128",1136,2133,0.211803828449199,0.802772998026192
"129",1136,2134,0.802772998026192,0.988704651191403
"130",1136,2136,0.988704651191403,0.989780315000765
"131",1136,2137,0.989780315000765,0.992983578550701
"132",1136,2139,0.992983578550701,0.99394851226204
"133",1136,2150,0.99394851226204,0.996285268854436
"134",1136,3132,0.996285268854436,0.99718341298284
"135",1136,5242,0.99718341298284,0.998330260426645
"136",1136,7220,0.998330260426645,1
"137",1137,1115,0,0.0221464697101352
"138",1137,1139,0.0221464697101352,0.307630951585233
"139",1137,1181,0.307630951585233,0.311307176436513
"140",1137,2111,0.311307176436513,0.330138359735312
"141",1137,2114,0.330138359735312,0.335432123521155
"142",1137,2124,0.335432123521155,0.342089432524564
"143",1137,2133,0.342089432524564,0.346344941291803
"144",1137,2150,0.346344941291803,0.940783815698594
"145",1137,2424,0.940783815698594,0.993075329189225
"146",1137,2426,0.993075329189225,1
"147",1141,1121,0,0.00601105010061048
"148",1141,1139,0.00601105010061048,0.0330820913338563
"149",1141,2423,0.0330820913338563,0.0373495105896798
"150",1141,2424,0.0373495105896798,0.0660917090140173
"151",1141,2462,0.0660917090140173,0.984959585280175
"152",1141,3539,0.984959585280175,1
"153",1142,1132,0,0.00890774745775112
"154",1142,1139,0.00890774745775112,0.0159338649498866
"155",1142,1259,0.0159338649498866,0.0191001536323067
"156",1142,2133,0.0191001536323067,0.0270656229424245
"157",1142,2424,0.0270656229424245,0.0581520228253713
"158",1142,3132,0.0581520228253713,0.0604199283049235
"159",1142,6219,0.0604199283049235,0.0617543346257956
"160",1142,7220,0.0617543346257956,1
"161",1151,1115,0,0.00880784131490022
"162",1151,1139,0.00880784131490022,0.0158061289947822
"163",1151,1150,0.0158061289947822,0.481100077281704
"164",1151,2421,0.481100077281704,0.484125681266006
"165",1151,2423,0.484125681266006,0.486834329240265
"166",1151,2424,0.486834329240265,0.686195871237568
"167",1151,2425,0.686195871237568,0.688606504796012
"168",1151,3533,0.688606504796012,0.69308556044389
"169",1151,3538,0.69308556044389,0.936521666658248
"170",1151,4123,0.936521666658248,0.987312920187699
"171",1151,4161,0.987312920187699,0.999285270511221
"172",1151,4162,0.999285270511221,1
"173",1152,1115,0,0.00131724520895769
"174",1152,1132,0.00131724520895769,0.00537919282435176
"175",1152,1133,0.00537919282435176,0.00662437634850726
"176",1152,1139,0.00662437634850726,0.041674967890161
"177",1152,1241,0.041674967890161,0.042821596463043
"178",1152,1259,0.042821596463043,0.0432486679185618
"179",1152,2129,0.0432486679185618,0.0444387454484568
"180",1152,2317,0.0444387454484568,0.0451212119927599
"181",1152,2421,0.0451212119927599,0.048925645058052
"182",1152,2423,0.048925645058052,0.0530416389370478
"183",1152,2424,0.0530416389370478,0.0765761374089162
"184",1152,2429,0.0765761374089162,0.0857459867999949
"185",1152,2473,0.0857459867999949,0.0872783573327003
"186",1152,3520,0.0872783573327003,0.0949433891882039
"187",1152,3538,0.0949433891882039,0.274067542993273
"188",1152,3539,0.274067542993273,0.274627080781149
"189",1152,3545,0.274627080781149,0.278928527525444
"190",1152,3561,0.278928527525444,0.297030846640018
"191",1152,3562,0.297030846640018,0.29843710922432
"192",1152,4122,0.29843710922432,0.331327969683225
"193",1152,4161,0.331327969683225,0.943921172994672
"194",1152,4162,0.943921172994672,0.946159324146175
"195",1152,4217,0.946159324146175,0.949017417733109
"196",1152,7220,0.949017417733109,1
"197",1161,1115,0,0.00783516787178188
"198",1161,1161,0.00783516787178188,0.871943075576843
"199",1161,1162,0.871943075576843,0.886364159719984
"200",1161,2424,0.886364159719984,0.979473702390273
"201",1161,2429,0.979473702390273,0.981508773545802
"202",1161,2462,0.981508773545802,0.986396398470962
"203",1161,4161,0.986396398470962,0.989755561184544
"204",1161,8211,0.989755561184544,0.996755975682771
"205",1161,8233,0.996755975682771,1
"206",1162,1162,0,0.922972092037525
"207",1162,2424,0.922972092037525,0.924973374360515
"208",1162,4133,0.924973374360515,1
"209",1163,1115,0,0.0129163869811218
"210",1163,1161,0.0129163869811218,0.0139609837844719
"211",1163,1190,0.0139609837844719,0.834744392017758
"212",1163,1254,0.834744392017758,0.835878881887728
"213",1163,1259,0.835878881887728,0.837492364010491
"214",1163,2214,0.837492364010491,0.838790892323198
"215",1163,2424,0.838790892323198,0.859184807678049
"216",1163,5431,0.859184807678049,0.862788404188098
"217",1163,7122,0.862788404188098,0.863904521752482
"218",1163,7123,0.863904521752482,0.86418010633628
"219",1163,7125,0.86418010633628,0.865306722360999
"220",1163,7130,0.865306722360999,0.999375997763828
"221",1163,7220,0.999375997763828,1
"222",1171,1171,0,1
"223",1172,1172,0,0.982319372261286
"224",1172,2424,0.982319372261286,1
"225",1173,1173,0,0.973700328513892
"226",1173,5223,0.973700328513892,0.986933684738024
"227",1173,7220,0.986933684738024,1
"228",1174,1139,0,0.12096300645919
"229",1174,2424,0.12096300645919,0.163297800261981
"230",1174,3319,0.163297800261981,1
"231",1181,1115,0,0.020655179826495
"232",1181,1139,0.020655179826495,0.0230817717764766
"233",1181,1181,0.0230817717764766,0.773437926976343
"234",1181,2218,0.773437926976343,0.778068855457464
"235",1181,2219,0.778068855457464,0.789706294929297
"236",1181,2231,0.789706294929297,0.919835020895653
"237",1181,2424,0.919835020895653,0.972086905512299
"238",1181,2429,0.972086905512299,0.982707799707789
"239",1181,4161,0.982707799707789,0.988923664372456
"240",1181,4216,0.988923664372456,1
"241",1182,2213,0,1
"242",1183,1241,0,1
"243",1184,1184,0,0.880928923881008
"244",1184,2318,0.880928923881008,0.893531931236589
"245",1184,2424,0.893531931236589,0.980963990214823
"246",1184,2442,0.980963990214823,0.992803052440867
"247",1184,2449,0.992803052440867,0.995115760647224
"248",1184,3219,0.995115760647224,1
"249",1185,1242,0,0.977811505107646
"250",1185,2424,0.977811505107646,0.983335632924006
"251",1185,6144,0.983335632924006,1
"252",1211,1115,0,0.0276566985100922
"253",1211,1211,0.0276566985100922,0.968440077153228
"254",1211,5111,0.968440077153228,1
"255",1212,1139,0,0.0194650389038799
"256",1212,2141,0.0194650389038799,0.225249534987294
"257",1212,2142,0.225249534987294,0.891331115244557
"258",1212,2424,0.891331115244557,1
"259",1219,1211,0,0.226740964226341
"260",1219,1213,0.226740964226341,0.874684440613263
"261",1219,5119,0.874684440613263,0.980573856289637
"262",1219,6139,0.980573856289637,1
"263",1221,1221,0,0.926544578846166
"264",1221,2424,0.926544578846166,0.937442790531948
"265",1221,4216,0.937442790531948,0.956904760442072
"266",1221,6240,0.956904760442072,1
"267",1222,1115,0,0.0125908572115096
"268",1222,1139,0.0125908572115096,0.0194509521235057
"269",1222,2424,0.0194509521235057,0.0330269718267556
"270",1222,3546,0.0330269718267556,1
"271",1223,1223,0,0.768346779208504
"272",1223,2424,0.768346779208504,0.771212284527432
"273",1223,3546,0.771212284527432,0.7723017735289
"274",1223,5434,0.7723017735289,0.802916911953701
"275",1223,5435,0.802916911953701,0.808102348951553
"276",1223,5436,0.808102348951553,0.996124603049574
"277",1223,9272,0.996124603049574,1
"278",1224,1224,0,0.739756686593077
"279",1224,5436,0.739756686593077,1
"280",1225,1115,0,0.00784436476770436
"281",1225,1225,0.00784436476770436,0.943149697418094
"282",1225,2424,0.943149697418094,0.99073283630224
"283",1225,3416,0.99073283630224,1
"284",1226,1226,0,0.751038609597134
"285",1226,2424,0.751038609597134,1
"286",1231,1115,0,0.00510817032125531
"287",1231,1251,0.00510817032125531,0.949903247402353
"288",1231,2424,0.949903247402353,0.976392366174191
"289",1231,2436,0.976392366174191,0.991425243715667
"290",1231,3234,0.991425243715667,0.992344164121752
"291",1231,6144,0.992344164121752,1
"292",1232,1252,0,0.895349203102629
"293",1232,5231,0.895349203102629,0.913474094935414
"294",1232,5250,0.913474094935414,1
"295",1233,1253,0,0.978215993610025
"296",1233,6222,0.978215993610025,1
"297",1234,1254,0,0.948539288943227
"298",1234,5431,0.948539288943227,0.954567306265617
"299",1234,7111,0.954567306265617,0.992826520902204
"300",1234,7121,0.992826520902204,0.999182943500444
"301",1234,7124,0.999182943500444,1
"302",1235,1115,0,0.0105085713508884
"303",1235,1255,0.0105085713508884,0.973857719653611
"304",1235,2424,0.973857719653611,1
"305",1239,1115,0,0.00905446857645345
"306",1239,1135,0.00905446857645345,0.00975815713725111
"307",1239,1139,0.00975815713725111,0.0645369729269951
"308",1239,1161,0.0645369729269951,0.0659186679843278
"309",1239,1190,0.0659186679843278,0.0687200675541018
"310",1239,1259,0.0687200675541018,0.760602069768923
"311",1239,2129,0.760602069768923,0.765122113079156
"312",1239,2134,0.765122113079156,0.768078632317077
"313",1239,2137,0.768078632317077,0.771482019473168
"314",1239,2317,0.771482019473168,0.77947941428457
"315",1239,2318,0.77947941428457,0.779911900246753
"316",1239,2319,0.779911900246753,0.851621360081032
"317",1239,2424,0.851621360081032,0.91458556339258
"318",1239,2436,0.91458556339258,0.915768992913805
"319",1239,2451,0.915768992913805,0.916698683640114
"320",1239,3239,0.916698683640114,0.918902204753853
"321",1239,3539,0.918902204753853,0.919427146147382
"322",1239,3567,0.919427146147382,0.9436104051397
"323",1239,4161,0.9436104051397,0.944998263892456
"324",1239,6132,0.944998263892456,0.945890972446227
"325",1239,6148,0.945890972446227,0.950634963356831
"326",1239,6240,0.950634963356831,0.987316142101943
"327",1239,8214,0.987316142101943,0.998176573437349
"328",1239,8232,0.998176573437349,1
"329",2111,2111,0,0.994273305532602
"330",2111,2142,0.994273305532602,1
"331",2112,2112,0,0.909373770609063
"332",2112,2141,0.909373770609063,0.931228886988695
"333",2112,2142,0.931228886988695,0.986594965064977
"334",2112,2219,0.986594965064977,1
"335",2113,2113,0,0.986148170829506
"336",2113,2142,0.986148170829506,1
"337",2121,2121,0,1
"338",2122,2122,0,0.978742034343533
"339",2122,2123,0.978742034343533,0.986553068471636
"340",2122,5223,0.986553068471636,1
"341",2123,2123,0,1
"342",2124,2124,0,1
"343",2125,2127,0,0.973229074380802
"344",2125,3119,0.973229074380802,1
"345",2126,2126,0,0.992250266072917
"346",2126,2127,0.992250266072917,0.997771519247542
"347",2126,2461,0.997771519247542,1
"348",2127,2127,0,0.901019843465887
"349",2127,2461,0.901019843465887,0.905605186180726
"350",2127,3116,0.905605186180726,0.978647850950009
"351",2127,3416,0.978647850950009,0.996435818378264
"352",2127,5441,0.996435818378264,1
"353",2128,2127,0,0.0952859866923058
"354",2128,2436,0.0952859866923058,0.111763711993821
"355",2128,2461,0.111763711993821,0.865378271608911
"356",2128,3116,0.865378271608911,1
"357",2129,2129,0,0.911280332810632
"358",2129,2136,0.911280332810632,0.921469436269771
"359",2129,2142,0.921469436269771,0.946809729412354
"360",2129,2219,0.946809729412354,0.965551808333154
"361",2129,2424,0.965551808333154,0.967288180496781
"362",2129,2462,0.967288180496781,0.988325134792602
"363",2129,3119,0.988325134792602,0.992080710874344
"364",2129,3219,0.992080710874344,0.994486570861885
"365",2129,5223,0.994486570861885,0.998138322628688
"366",2129,5236,0.998138322628688,1
"367",2131,2133,0,0.00208005728924424
"368",2131,2134,0.00208005728924424,0.00432068688032011
"369",2131,2135,0.00432068688032011,0.0883110746901139
"370",2131,2136,0.0883110746901139,0.148592131588079
"371",2131,2137,0.148592131588079,0.161565266180889
"372",2131,2139,0.161565266180889,0.992124574575683
"373",2131,7211,0.992124574575683,1
"374",2132,2133,0,0.00322844282525342
"375",2132,2134,0.00322844282525342,0.0098696560258167
"376",2132,2135,0.0098696560258167,0.192431863185587
"377",2132,2136,0.192431863185587,0.775067530295453
"378",2132,2137,0.775067530295453,0.82535032399633
"379",2132,2139,0.82535032399633,0.951102373623812
"380",2132,2316,0.951102373623812,0.951956243892456
"381",2132,2426,0.951956243892456,0.957980095335293
"382",2132,3131,0.957980095335293,0.958657092476861
"383",2132,3132,0.958657092476861,0.998510470753588
"384",2132,5245,0.998510470753588,1
"385",2211,2211,0,0.987306159176073
"386",2211,2219,0.987306159176073,0.992260067009275
"387",2211,2229,0.992260067009275,0.997811293375463
"388",2211,2231,0.997811293375463,0.998748371074001
"389",2211,2311,0.998748371074001,1
"390",2212,2212,0,1
"391",2213,2112,0,0.0178730536384259
"392",2213,2213,0.0178730536384259,0.995689468335653
"393",2213,2214,0.995689468335653,1
"394",2214,2214,0,1
"395",2215,2215,0,0.989124393102294
"396",2215,2311,0.989124393102294,1
"397",2216,2216,0,1
"398",2311,2119,0,0.00798762324402638
"399",2311,2311,0.00798762324402638,0.982266108800916
"400",2311,2317,0.982266108800916,1
"401",2312,2312,0,0.956731696447797
"402",2312,2317,0.956731696447797,0.993103809850149
"403",2312,2319,0.993103809850149,0.995816972903946
"404",2312,3414,0.995816972903946,1
"405",2313,2317,0,0.0172921747385305
"406",2313,2318,0.0172921747385305,1
"407",2314,2314,0,0.982615378249843
"408",2314,2317,0.982615378249843,0.998724645018084
"409",2314,6125,0.998724645018084,1
"410",2315,2315,0,0.908376841403677
"411",2315,2316,0.908376841403677,0.909095306861793
"412",2315,2317,0.909095306861793,0.998745820896057
"413",2315,2318,0.998745820896057,0.999402174627121
"414",2315,2319,0.999402174627121,1
"415",2316,2316,0,0.956962998761804
"416",2316,2317,0.956962998761804,0.982958053034285
"417",2316,2319,0.982958053034285,0.984866497105585
"418",2316,2449,0.984866497105585,0.986838438391827
"419",2316,3233,0.986838438391827,0.998490177333611
"420",2316,6125,0.998490177333611,1
"421",2317,1115,0,0.00588473142359491
"422",2317,2312,0.00588473142359491,0.00887686230599359
"423",2317,2317,0.00887686230599359,0.995091910049454
"424",2317,4159,0.995091910049454,0.998028055114926
"425",2317,4213,0.998028055114926,1
"426",2319,2317,0,0.00661411963597642
"427",2319,2319,0.00661411963597642,0.951970788095682
"428",2319,3414,0.951970788095682,0.997479224528778
"429",2319,6125,0.997479224528778,1
"430",2321,2112,0,0.0115069029189136
"431",2321,2119,0.0115069029189136,0.95962189857784
"432",2321,2142,0.95962189857784,0.965809457426905
"433",2321,2462,0.965809457426905,1
"434",2322,2112,0,0.0230202107915751
"435",2322,2114,0.0230202107915751,0.988421787471693
"436",2322,3412,0.988421787471693,1
"437",2329,1139,0,0.0136005229635372
"438",2329,2112,0.0136005229635372,0.0700678579899457
"439",2329,2113,0.0700678579899457,0.0738801696160499
"440",2329,2119,0.0738801696160499,0.484493321223411
"441",2329,2150,0.484493321223411,0.487258548776184
"442",2329,2426,0.487258548776184,0.989517589276934
"443",2329,3412,0.989517589276934,1
"444",2411,2412,0,0.129482415561428
"445",2411,2413,0.129482415561428,0.842265734353522
"446",2411,2419,0.842265734353522,1
"447",2419,2412,0,0.0163987562875905
"448",2419,2419,0.0163987562875905,0.949171058476092
"449",2419,3520,0.949171058476092,0.985606069700717
"450",2419,4159,0.985606069700717,1
"451",2421,2421,0,1
"452",2422,2421,0,0.995400635226953
"453",2422,4122,0.995400635226953,1
"454",2423,2134,0,0.00178254105445117
"455",2423,2135,0.00178254105445117,0.0371070008643042
"456",2423,2142,0.0371070008643042,0.0389683664649957
"457",2423,2423,0.0389683664649957,0.812997752808989
"458",2423,2424,0.812997752808989,0.826371650821089
"459",2423,2425,0.826371650821089,0.991430250648228
"460",2423,2462,0.991430250648228,0.994724286949006
"461",2423,3539,0.994724286949006,0.99921452031115
"462",2423,4161,0.99921452031115,1
"463",2431,2431,0,0.997368645331742
"464",2431,3121,0.997368645331742,1
"465",2432,2432,0,1
"466",2433,2433,0,1
"467",2434,2429,0,0.00241035433906217
"468",2434,2434,0.00241035433906217,1
"469",2441,2424,0,0.0770600155294207
"470",2441,2429,0.0770600155294207,1
"471",2442,2442,0,0.889454244656907
"472",2442,2443,0.889454244656907,0.893022718965816
"473",2442,2449,0.893022718965816,0.95675749764346
"474",2442,3233,0.95675749764346,0.972192832272089
"475",2442,3235,0.972192832272089,0.973207587095781
"476",2442,3239,0.973207587095781,0.996147779081623
"477",2442,6145,0.996147779081623,1
"478",2443,2443,0,1
"479",2444,2444,0,0.792419615982266
"480",2444,3239,0.792419615982266,1
"481",2451,2451,0,1
"482",2452,2452,0,1
"483",3111,2111,0,0.004631646356674
"484",3111,2112,0.004631646356674,0.0143379984883855
"485",3111,2129,0.0143379984883855,0.0162405477554759
"486",3111,2219,0.0162405477554759,0.020756775272072
"487",3111,2426,0.020756775272072,0.027856895531057
"488",3111,3111,0.027856895531057,0.995651315960936
"489",3111,3119,0.995651315960936,1
"490",3112,3112,0,0.977302226792306
"491",3112,3119,0.977302226792306,1
"492",3113,3113,0,0.99292964208277
"493",3113,3119,0.99292964208277,0.996061548774995
"494",3113,3311,0.996061548774995,1
"495",3114,2141,0,0.00897702054549359
"496",3114,3114,0.00897702054549359,1
"497",3115,3115,0,1
"498",3119,2119,0,0.0393132845718432
"499",3119,2142,0.0393132845718432,0.0477851933654498
"500",3119,2426,0.0477851933654498,0.0681860618961498
"501",3119,2434,0.0681860618961498,0.0736330511142054
"502",3119,3111,0.0736330511142054,0.0853112679587928
"503",3119,3113,0.0853112679587928,0.118318635531868
"504",3119,3114,0.118318635531868,0.125739558159014
"505",3119,3115,0.125739558159014,0.211867074257241
"506",3119,3116,0.211867074257241,0.351008039777426
"507",3119,3119,0.351008039777426,0.928111479223017
"508",3119,3131,0.928111479223017,0.938466627187999
"509",3119,3217,0.938466627187999,0.946357025869198
"510",3119,3417,0.946357025869198,0.949782067081726
"511",3119,5111,0.949782067081726,0.95275897206084
"512",3119,5119,0.95275897206084,0.955783891636391
"513",3119,5223,0.955783891636391,0.9627726828956
"514",3119,5237,0.9627726828956,0.965536189668326
"515",3119,5422,0.965536189668326,0.968406395544245
"516",3119,6132,0.968406395544245,0.971655383236504
"517",3119,6141,0.971655383236504,0.983920445148659
"518",3119,8126,0.983920445148659,0.994184898875925
"519",3119,8132,0.994184898875925,0.996975080424449
"520",3119,9239,0.996975080424449,1
"521",3121,2435,0,0.146969145639108
"522",3121,3121,0.146969145639108,1
"523",3122,3122,0,1
"524",3123,3565,0,1
"525",3131,2134,0,0.0104562737642586
"526",3131,2135,0.0104562737642586,0.0287193149222867
"527",3131,2136,0.0287193149222867,0.0326529250883864
"528",3131,2137,0.0326529250883864,0.106382579547729
"529",3131,2139,0.106382579547729,0.109807551197385
"530",3131,2472,0.109807551197385,0.110964495363885
"531",3131,3131,0.110964495363885,0.965675238476419
"532",3131,3539,0.965675238476419,0.966648739243546
"533",3131,4217,0.966648739243546,1
"534",3132,2139,0,0.00810600335288544
"535",3132,3131,0.00810600335288544,0.0154831185670826
"536",3132,3132,0.0154831185670826,1
"537",3211,2219,0,0.00633978939743748
"538",3211,2231,0.00633978939743748,0.994962961908317
"539",3211,2311,0.994962961908317,0.997896821918613
"540",3211,3311,0.997896821918613,0.999415363655819
"541",3211,4159,0.999415363655819,1
"542",3212,2232,0,0.980695171324183
"543",3212,2311,0.980695171324183,1
"544",3213,3213,0,1
"545",3214,2217,0,0.987888452265695
"546",3214,6143,0.987888452265695,1
"547",3215,2218,0,1
"548",3216,3216,0,1
"549",3217,3216,0,0.00865863337903168
"550",3217,3217,0.00865863337903168,0.631985879767105
"551",3217,7114,0.631985879767105,1
"552",3218,2219,0,0.274885341219518
"553",3218,3218,0.274885341219518,0.984742237036666
"554",3218,6143,0.984742237036666,1
"555",3221,2221,0,1
"556",3222,2219,0,0.0133750068200064
"557",3222,2222,0.0133750068200064,1
"558",3223,2223,0,1
"559",3229,2229,0,0.446351587465448
"560",3229,3219,0.446351587465448,0.973606441692269
"561",3229,3235,0.973606441692269,0.994878447880041
"562",3229,6145,0.994878447880041,0.998163390455177
"563",3229,6222,0.998163390455177,1
"564",3231,2449,0,0.0878947610465205
"565",3231,3231,0.0878947610465205,0.648707835764513
"566",3231,3233,0.648707835764513,0.720254819473674
"567",3231,3234,0.720254819473674,0.724266758935434
"568",3231,3235,0.724266758935434,0.731550443787954
"569",3231,3239,0.731550443787954,0.93260292091968
"570",3231,3315,0.93260292091968,0.990760713652201
"571",3231,3564,0.990760713652201,0.998035638811572
"572",3231,4159,0.998035638811572,0.999047383370161
"573",3231,6145,0.999047383370161,1
"574",3232,2219,0,0.0602249063982083
"575",3232,2229,0.0602249063982083,0.0623269333340323
"576",3232,2424,0.0623269333340323,0.0657027571411909
"577",3232,2449,0.0657027571411909,0.0990337752744495
"578",3232,3219,0.0990337752744495,0.102697907015449
"579",3232,3231,0.102697907015449,0.147472129140987
"580",3232,3233,0.147472129140987,0.223497620804301
"581",3232,3234,0.223497620804301,0.449321362438456
"582",3232,3235,0.449321362438456,0.584252096457351
"583",3232,3239,0.584252096457351,0.983569068752269
"584",3232,6126,0.983569068752269,0.986166461138056
"585",3232,6144,0.986166461138056,0.987020901014713
"586",3232,6145,0.987020901014713,1
"587",3311,3113,0,0.0339811700830833
"588",3311,3311,0.0339811700830833,1
"589",3312,1172,0,0.00909108568542513
"590",3312,3312,0.00909108568542513,0.978984495758326
"591",3312,3315,0.978984495758326,1
"592",3313,3313,0,1
"593",3314,3314,0,1
"594",3319,3315,0,0.0433421296021315
"595",3319,3319,0.0433421296021315,1
"596",3411,3411,0,1
"597",3412,3412,0,1
"598",3413,3413,0,1
"599",3414,3414,0,1
"600",3415,3415,0,1
"601",3416,2473,0,0.0175303314930724
"602",3416,3416,0.0175303314930724,1
"603",3421,2137,0,0.263459354892973
"604",3421,3421,0.263459354892973,1
"605",3422,3422,0,1
"606",3431,2137,0,0.0256061145891654
"607",3431,2471,0.0256061145891654,0.979288610644543
"608",3431,3416,0.979288610644543,1
"609",3432,2424,0,0.0039315227971067
"610",3432,2471,0.0039315227971067,0.0817158743185042
"611",3432,3413,0.0817158743185042,0.200965704143367
"612",3432,3416,0.200965704143367,0.961632663447653
"613",3432,3417,0.961632663447653,1
"614",3433,2429,0,0.0183442814836609
"615",3433,2472,0.0183442814836609,0.96623449722725
"616",3433,3561,0.96623449722725,0.995535457295818
"617",3433,4213,0.995535457295818,1
"618",3434,3417,0,0.985322646715565
"619",3434,8127,0.985322646715565,0.988792963526893
"620",3434,9251,0.988792963526893,1
"621",3441,3441,0,0.946112864365944
"622",3441,3442,0.946112864365944,1
"623",3442,3442,0,0.979282706753643
"624",3442,6211,0.979282706753643,1
"625",3443,3414,0,0.0106479650199382
"626",3443,3443,0.0106479650199382,1
"627",3449,3442,0,0.910492060745611
"628",3449,3443,0.910492060745611,0.920354571227024
"629",3449,3563,0.920354571227024,0.953841853779298
"630",3449,6145,0.953841853779298,1
"631",3511,3511,0,0.948506610086502
"632",3511,8233,0.948506610086502,1
"633",3512,3512,0,1
"634",3513,3513,0,1
"635",3514,8231,0,1
"636",3520,3520,0,1
"637",3531,2462,0,0.0112883720557731
"638",3531,3531,0.0112883720557731,1
"639",3532,3532,0,1
"640",3533,3533,0,1
"641",3534,2139,0,0.00549470585747022
"642",3534,2424,0.00549470585747022,0.018276789061349
"643",3534,3534,0.018276789061349,0.996782234902687
"644",3534,4129,0.996782234902687,0.998847672517281
"645",3534,4151,0.998847672517281,1
"646",3535,3535,0,1
"647",3536,3536,0,1
"648",3537,3537,0,1
"649",3539,2119,0,0.000735408897753881
"650",3539,2129,0.000735408897753881,0.00241783019686064
"651",3539,2133,0.00241783019686064,0.0035070679039112
"652",3539,2135,0.0035070679039112,0.00657705316104414
"653",3539,2424,0.00657705316104414,0.00837741739658312
"654",3539,2426,0.00837741739658312,0.0163871303442893
"655",3539,2429,0.0163871303442893,0.020901916572717
"656",3539,2462,0.020901916572717,0.02304396843292
"657",3539,3113,0.02304396843292,0.0243517474633596
"658",3539,3116,0.0243517474633596,0.0424941462145521
"659",3539,3235,0.0424941462145521,0.0469777122539242
"660",3539,3539,0.0469777122539242,0.825081952996271
"661",3539,3543,0.825081952996271,0.827173705662995
"662",3539,3546,0.827173705662995,0.991985083687451
"663",3539,4131,0.991985083687451,0.992916485994276
"664",3539,6139,0.992916485994276,0.99629520423207
"665",3539,8133,0.99629520423207,1
"666",3541,1133,0,0.00256610070764556
"667",3541,3541,0.00256610070764556,1
"668",3542,3542,0,0.741929830297878
"669",3542,4151,0.741929830297878,0.954736945361802
"670",3542,4162,0.954736945361802,0.95738809142334
"671",3542,7115,0.95738809142334,0.998230389432037
"672",3542,7121,0.998230389432037,1
"673",3543,2142,0,0.00352826864840811
"674",3543,2429,0.00352826864840811,0.00634488367713259
"675",3543,2473,0.00634488367713259,0.00956982455321652
"676",3543,3116,0.00956982455321652,0.0116731193261457
"677",3543,3543,0.0116731193261457,0.972772165843626
"678",3543,4151,0.972772165843626,1
"679",3544,3544,0,1
"680",3551,2141,0,0.287906744696184
"681",3551,2142,0.287906744696184,0.938278546370281
"682",3551,2429,0.938278546370281,0.958527681208771
"683",3551,2462,0.958527681208771,0.962439715862746
"684",3551,2463,0.962439715862746,0.979798379752449
"685",3551,3550,0.979798379752449,0.984248913103732
"686",3551,3565,0.984248913103732,0.991154366986862
"687",3551,9232,0.991154366986862,1
"688",3552,2142,0,0.0806294029927495
"689",3552,3550,0.0806294029927495,0.950429372139662
"690",3552,5114,0.950429372139662,1
"691",3561,2142,0,0.00537304578212535
"692",3561,2424,0.00537304578212535,0.0179258829795123
"693",3561,2429,0.0179258829795123,0.194353245737631
"694",3561,3235,0.194353245737631,0.20433079624898
"695",3561,3561,0.20433079624898,0.951035845024371
"696",3561,4159,0.951035845024371,1
"697",3562,3239,0,0.0053107822410148
"698",3562,3562,0.0053107822410148,0.928422832980973
"699",3562,4138,0.928422832980973,1
"700",3563,3563,0,0.970938119850553
"701",3563,3564,0.970938119850553,0.97644883878872
"702",3563,3565,0.97644883878872,0.978262151809353
"703",3563,4138,0.978262151809353,1
"704",3564,3539,0,0.0233878847093307
"705",3564,3564,0.0233878847093307,1
"706",3565,3565,0,1
"707",3566,3565,0,1
"708",3567,2219,0,0.0987561322994145
"709",3567,3567,0.0987561322994145,1
"710",3568,2463,0,0.740878384563279
"711",3568,3565,0.740878384563279,1
"712",4111,3561,0,0.669226084568262
"713",4111,4112,0.669226084568262,1
"714",4112,2429,0,0.00121379768194517
"715",4112,2462,0.00121379768194517,0.00355398190921413
"716",4112,3561,0.00355398190921413,0.0101529694890874
"717",4112,3567,0.0101529694890874,0.0129844264335703
"718",4112,4112,0.0129844264335703,0.984603468783713
"719",4112,4122,0.984603468783713,0.98529279964593
"720",4112,4131,0.98529279964593,0.98729993637797
"721",4112,4138,0.98729993637797,0.995698044314127
"722",4112,4161,0.995698044314127,0.996398439877182
"723",4112,4162,0.996398439877182,0.99930403031728
"724",4112,7220,0.99930403031728,1
"725",4113,1115,0,0.00330007546335399
"726",4113,2432,0.00330007546335399,0.0038721571077609
"727",4113,3234,0.0038721571077609,0.00636746153875821
"728",4113,3239,0.00636746153875821,0.00816341222917719
"729",4113,3520,0.00816341222917719,0.0111536637008412
"730",4113,3539,0.0111536637008412,0.0119880029979649
"731",4113,3561,0.0119880029979649,0.050122065510419
"732",4113,3565,0.050122065510419,0.0526109420577712
"733",4113,4113,0.0526109420577712,0.874967378490502
"734",4113,4122,0.874967378490502,0.875657733193977
"735",4113,4124,0.875657733193977,0.878338160673951
"736",4113,4129,0.878338160673951,0.897152576102928
"737",4113,4131,0.897152576102928,0.90161738408276
"738",4113,4138,0.90161738408276,0.913271137131184
"739",4113,4159,0.913271137131184,0.972480944538934
"740",4113,4162,0.972480944538934,0.982171621922169
"741",4113,4215,0.982171621922169,0.982990534298544
"742",4113,4216,0.982990534298544,0.986378028979471
"743",4113,4217,0.986378028979471,0.996144555389716
"744",4113,7219,0.996144555389716,0.999539763531016
"745",4113,9219,0.999539763531016,1
"746",4114,3234,0,0.00901609713568801
"747",4114,3539,0.00901609713568801,0.0169732281455334
"748",4114,4114,0.0169732281455334,0.988980798264827
"749",4114,4138,0.988980798264827,0.991877006825866
"750",4114,4161,0.991877006825866,1
"751",4121,4121,0,0.954205180716223
"752",4121,4129,0.954205180716223,0.966347484363757
"753",4121,4159,0.966347484363757,0.969716887142304
"754",4121,4162,0.969716887142304,1
"755",4122,3537,0,0.00092074778974782
"756",4122,3538,0.00092074778974782,0.00211357847761673
"757",4122,4122,0.00211357847761673,0.703080508125647
"758",4122,4124,0.703080508125647,0.78893975795698
"759",4122,4129,0.78893975795698,0.96778442173716
"760",4122,4131,0.96778442173716,0.970065102454862
"761",4122,4133,0.970065102454862,0.970776370491189
"762",4122,4138,0.970776370491189,0.971457781643121
"763",4122,4151,0.971457781643121,0.985334972572599
"764",4122,4159,0.985334972572599,0.991227373176864
"765",4122,4162,0.991227373176864,0.998879403709862
"766",4122,4214,0.998879403709862,0.999508324532776
"767",4122,4215,0.999508324532776,0.999757292423623
"768",4122,9219,0.999757292423623,1
"769",4123,4123,0,0.824053448656172
"770",4123,4129,0.824053448656172,0.997509933857133
"771",4123,4159,0.997509933857133,0.998176333342654
"772",4123,4216,0.998176333342654,1
"773",4131,2419,0,0.00488141610374242
"774",4131,3539,0.00488141610374242,0.0375622503821311
"775",4131,3546,0.0375622503821311,0.0400118337360091
"776",4131,3561,0.0400118337360091,0.0435244810413688
"777",4131,4129,0.0435244810413688,0.0502342093585129
"778",4131,4131,0.0502342093585129,0.86851338691386
"779",4131,4133,0.86851338691386,0.870444258172674
"780",4131,4138,0.870444258172674,0.881792811005375
"781",4131,4151,0.881792811005375,0.953513140377693
"782",4131,4159,0.953513140377693,0.975719145998718
"783",4131,4161,0.975719145998718,0.978594743848923
"784",4131,4162,0.978594743848923,0.997767368472955
"785",4131,4216,0.997767368472955,1
"786",4132,3539,0,0.00196125390794405
"787",4132,4129,0.00196125390794405,0.017771031697229
"788",4132,4132,0.017771031697229,0.98959176143903
"789",4132,4151,0.98959176143903,0.998054928054993
"790",4132,4159,0.998054928054993,1
"791",4133,3116,0,0.0282662187366576
"792",4133,3416,0.0282662187366576,0.0407181861081773
"793",4133,3539,0.0407181861081773,0.0434596975348869
"794",4133,3543,0.0434596975348869,0.0456984112716568
"795",4133,4133,0.0456984112716568,0.92837239612593
"796",4133,4134,0.92837239612593,0.985581784678996
"797",4133,4138,0.985581784678996,0.989115413136783
"798",4133,4151,0.989115413136783,0.993623738792387
"799",4133,4217,0.993623738792387,1
"800",4134,2436,0,0.042815331010453
"801",4134,3116,0.042815331010453,0.0475659532105525
"802",4134,4134,0.0475659532105525,0.967948232951717
"803",4134,4162,0.967948232951717,1
"804",4135,4135,0,1
"805",4136,2137,0,0.0198234687803957
"806",4136,2317,0.0198234687803957,0.0395380572855422
"807",4136,3131,0.0395380572855422,0.107871318032025
"808",4136,4159,0.107871318032025,0.192660017711191
"809",4136,4162,0.192660017711191,0.255273434664576
"810",4136,4217,0.255273434664576,0.985569734186955
"811",4136,5221,0.985569734186955,1
"812",4137,4162,0,0.0157362246243079
"813",4137,7215,0.0157362246243079,0.906274716583179
"814",4137,7220,0.906274716583179,1
"815",4141,7211,0,0.0365600947306098
"816",4141,7213,0.0365600947306098,0.797315966054865
"817",4141,7220,0.797315966054865,1
"818",4142,7214,0,0.938381170479737
"819",4142,7220,0.938381170479737,1
"820",4150,2317,0,0.00037058551329638
"821",4150,3233,0.00037058551329638,0.000596244917248373
"822",4150,3239,0.000596244917248373,0.000828599277338558
"823",4150,3539,0.000828599277338558,0.00146777067806122
"824",4150,3561,0.00146777067806122,0.00240900274690112
"825",4150,4113,0.00240900274690112,0.00373381642036448
"826",4150,4123,0.00373381642036448,0.00469158896907521
"827",4150,4129,0.00469158896907521,0.0141543187389853
"828",4150,4131,0.0141543187389853,0.0188415756776182
"829",4150,4132,0.0188415756776182,0.0248146580157331
"830",4150,4133,0.0248146580157331,0.0253411966249545
"831",4150,4134,0.0253411966249545,0.0263316563124575
"832",4150,4135,0.0263316563124575,0.028675284781774
"833",4150,4138,0.028675284781774,0.0453299727278993
"834",4150,4151,0.0453299727278993,0.0598603904734712
"835",4150,4159,0.0598603904734712,0.943547342200868
"836",4150,4161,0.943547342200868,0.943932499089289
"837",4150,4162,0.943932499089289,0.983201567407378
"838",4150,4211,0.983201567407378,0.985583002687828
"839",4150,4213,0.985583002687828,0.98640963286042
"840",4150,4216,0.98640963286042,0.990831454479221
"841",4150,4217,0.990831454479221,0.993553938701769
"842",4150,6212,0.993553938701769,0.993772509328634
"843",4150,6219,0.993772509328634,0.994464058915614
"844",4150,7211,0.994464058915614,0.995689235888903
"845",4150,7215,0.995689235888903,0.996375665803542
"846",4150,9219,0.996375665803542,0.996843131270368
"847",4150,9259,0.996843131270368,1
"848",4211,4159,0,0.017710233029382
"849",4211,4211,0.017710233029382,1
"850",4212,4212,0,1
"851",4213,4213,0,1
"852",4214,2429,0,0.00507471102340006
"853",4214,4214,0.00507471102340006,1
"854",4215,4159,0,0.0059028597466909
"855",4215,4215,0.0059028597466909,1
"856",4216,4216,0,1
"857",4217,4162,0,0.0164666093754331
"858",4217,4217,0.0164666093754331,1
"859",5111,5111,0,1
"860",5112,5112,0,1
"861",5113,5113,0,0.854692966856308
"862",5113,5114,0.854692966856308,0.988898829715725
"863",5113,9119,0.988898829715725,1
"864",5119,5111,0,0.0288411349880615
"865",5119,5119,0.0288411349880615,0.805330667999334
"866",5119,6139,0.805330667999334,1
"867",5211,5211,0,1
"868",5212,5212,0,0.877956989247312
"869",5212,5250,0.877956989247312,1
"870",5213,5213,0,0.992414393888628
"871",5213,5250,0.992414393888628,1
"872",5214,5214,0,0.765353432672997
"873",5214,5236,0.765353432672997,0.958421143976396
"874",5214,5250,0.958421143976396,1
"875",5215,5215,0,0.982582947633852
"876",5215,5250,0.982582947633852,1
"877",5216,5216,0,0.954176933471107
"878",5216,5250,0.954176933471107,1
"879",5221,5221,0,0.980573762068796
"880",5221,5250,0.980573762068796,1
"881",5222,5222,0,0.96563735012392
"882",5222,5250,0.96563735012392,1
"883",5223,3113,0,0.011774701880478
"884",5223,5223,0.011774701880478,0.751480996099128
"885",5223,5225,0.751480996099128,0.781099736357287
"886",5223,5231,0.781099736357287,0.786500216846427
"887",5223,5235,0.786500216846427,0.911609378637495
"888",5223,5236,0.911609378637495,0.932423090422006
"889",5223,5237,0.932423090422006,0.950242312587374
"890",5223,5250,0.950242312587374,0.988265476748982
"891",5223,5319,0.988265476748982,0.997391934258308
"892",5223,5449,0.997391934258308,1
"893",5224,5224,0,0.984237176075984
"894",5224,5250,0.984237176075984,1
"895",5231,5231,0,0.972914103427735
"896",5231,5250,0.972914103427735,0.99725814622849
"897",5231,7112,0.99725814622849,0.998175345028198
"898",5231,8135,0.998175345028198,1
"899",5232,5232,0,0.946252838758516
"900",5232,5250,0.946252838758516,1
"901",5233,5231,0,1
"902",5234,5234,0,1
"903",5241,5235,0,0.000665510330600089
"904",5241,5241,0.000665510330600089,0.977975500485604
"905",5241,5250,0.977975500485604,0.998932904976327
"906",5241,5330,0.998932904976327,0.999444616913836
"907",5241,5449,0.999444616913836,1
"908",5242,5242,0,0.993083094661085
"909",5242,5250,0.993083094661085,1
"910",5243,5242,0,0.641279984739377
"911",5243,5249,0.641279984739377,1
"912",5244,5244,0,0.945400740941538
"913",5244,5250,0.945400740941538,1
"914",5245,3132,0,0.136393801231397
"915",5245,5245,0.136393801231397,0.99077066768259
"916",5245,5250,0.99077066768259,1
"917",5249,5225,0,0.00776716713070178
"918",5249,5237,0.00776716713070178,0.0102879186073743
"919",5249,5241,0.0102879186073743,0.0164775832010616
"920",5249,5242,0.0164775832010616,0.0204945226509849
"921",5249,5245,0.0204945226509849,0.0239064817465067
"922",5249,5249,0.0239064817465067,0.998123259868335
"923",5249,5250,0.998123259868335,1
"924",5311,5311,0,0.918461435666719
"925",5311,5319,0.918461435666719,0.986391679101984
"926",5311,5330,0.986391679101984,1
"927",5312,5312,0,0.9865170288175
"928",5312,5330,0.9865170288175,1
"929",5313,5313,0,0.960261844053067
"930",5313,5322,0.960261844053067,0.993268153751766
"931",5313,5330,0.993268153751766,1
"932",5314,5225,0,0.0498646746210035
"933",5314,5314,0.0498646746210035,0.98388977323962
"934",5314,5330,0.98388977323962,1
"935",5315,5236,0,0.0210405247090413
"936",5315,5315,0.0210405247090413,0.96541738996588
"937",5315,5330,0.96541738996588,0.99935651311345
"938",5315,5449,0.99935651311345,1
"939",5316,5316,0,0.986074424208721
"940",5316,5330,0.986074424208721,1
"941",5319,2436,0,0.000666808223719747
"942",5319,5319,0.000666808223719747,0.973458052547468
"943",5319,5330,0.973458052547468,1
"944",5321,5321,0,0.986108238848378
"945",5321,5330,0.986108238848378,1
"946",5322,5322,0,1
"947",5323,5323,0,0.970206628413758
"948",5323,5330,0.970206628413758,0.975555764587841
"949",5323,5449,0.975555764587841,0.998593212721705
"950",5323,9275,0.998593212721705,1
"951",5411,5411,0,1
"952",5412,5412,0,1
"953",5413,5413,0,0.963989250522544
"954",5413,5419,0.963989250522544,1
"955",5414,5414,0,1
"956",5419,5419,0,1
"957",5421,5421,0,1
"958",5422,5422,0,1
"959",5423,5422,0,0.0159071792588195
"960",5423,5423,0.0159071792588195,0.965328286576617
"961",5423,8127,0.965328286576617,1
"962",5424,5422,0,1
"963",5431,5431,0,1
"964",5432,5432,0,1
"965",5433,5433,0,1
"966",5434,5434,0,0.665287620328095
"967",5434,5435,0.665287620328095,0.953152572757066
"968",5434,5436,0.953152572757066,1
"969",5491,5441,0,1
"970",5492,5215,0,0.0032661686072392
"971",5492,5442,0.0032661686072392,1
"972",5493,5449,0,1
"973",5494,5449,0,1
"974",5495,5449,0,1
"975",5496,5443,0,1
"976",5499,5449,0,1
"977",6111,3233,0,0.000849307662592904
"978",6111,6141,0.000849307662592904,1
"979",6112,6142,0,1
"980",6113,6143,0,1
"981",6114,6144,0,1
"982",6115,3231,0,0.00335638315252908
"983",6115,3233,0.00335638315252908,0.0038359637084477
"984",6115,3234,0.0038359637084477,0.00507150481418551
"985",6115,6141,0.00507150481418551,0.0135627014987148
"986",6115,6145,0.0135627014987148,0.891886749553435
"987",6115,6146,0.891886749553435,0.999146693787304
"988",6115,6147,0.999146693787304,1
"989",6121,6121,0,0.989433942814437
"990",6121,6125,0.989433942814437,1
"991",6122,6122,0,0.991423346803406
"992",6122,6147,0.991423346803406,1
"993",6123,2319,0,0.00347565926304902
"994",6123,6121,0.00347565926304902,0.0129238914037215
"995",6123,6123,0.0129238914037215,1
"996",6124,2311,0,0.00109402247997392
"997",6124,3233,0.00109402247997392,0.00604939730301578
"998",6124,4213,0.00604939730301578,0.00687647829787607
"999",6124,6121,0.00687647829787607,0.00893761665014693
"1000",6124,6125,0.00893761665014693,0.743260821523361
"1001",6124,6126,0.743260821523361,0.999212303814419
"1002",6124,6147,0.999212303814419,1
"1003",6131,6131,0,0.764267578287061
"1004",6131,6139,0.764267578287061,1
"1005",6139,6139,0,1
"1006",6211,6211,0,0.995142930603277
"1007",6211,6219,0.995142930603277,1
"1008",6212,6212,0,1
"1009",6213,6147,0,0.391382318728189
"1010",6213,6219,0.391382318728189,1
"1011",6214,6214,0,1
"1012",6215,6215,0,1
"1013",6219,3239,0,0.100088313217545
"1014",6219,6147,0.100088313217545,0.138357374153665
"1015",6219,6219,0.138357374153665,1
"1016",6221,6221,0,1
"1017",6222,6222,0,0.965037177073022
"1018",6222,9275,0.965037177073022,0.972063234516996
"1019",6222,9279,0.972063234516996,1
"1020",6231,6231,0,0.861731290389827
"1021",6231,6240,0.861731290389827,1
"1022",6232,6232,0,0.986413484073523
"1023",6232,6240,0.986413484073523,1
"1024",6291,6148,0,1
"1025",6292,6132,0,1
"1026",7111,4151,0,0.000383917577908895
"1027",7111,5443,0.000383917577908895,0.000890640463906111
"1028",7111,6141,0.000890640463906111,0.00110202664995978
"1029",7111,7111,0.00110202664995978,0.856816660935752
"1030",7111,7112,0.856816660935752,0.857524502678766
"1031",7111,7113,0.857524502678766,0.857683948259104
"1032",7111,7114,0.857683948259104,0.899022228163404
"1033",7111,7115,0.899022228163404,0.912032343294387
"1034",7111,7121,0.912032343294387,0.912177495142144
"1035",7111,7130,0.912177495142144,0.998306695989622
"1036",7111,7211,0.998306695989622,0.999485224306915
"1037",7111,9251,0.999485224306915,1
"1038",7112,4129,0,0.0137404595482839
"1039",7112,7112,0.0137404595482839,0.934474756775591
"1040",7112,7130,0.934474756775591,1
"1041",7113,7113,0,0.936757906376376
"1042",7113,7121,0.936757906376376,0.946107784431138
"1043",7113,7130,0.946107784431138,1
"1044",7121,7121,0,1
"1045",7122,4129,0,0.00565179260769513
"1046",7122,7122,0.00565179260769513,1
"1047",7123,7123,0,1
"1048",7124,7124,0,1
"1049",7125,7125,0,1
"1050",7129,2311,0,0.00407117667427561
"1051",7129,3235,0.00407117667427561,0.00549659278483949
"1052",7129,3542,0.00549659278483949,0.0180496676830601
"1053",7129,3544,0.0180496676830601,0.224839220458755
"1054",7129,3546,0.224839220458755,0.228170794434154
"1055",7129,4131,0.228170794434154,0.231401513496068
"1056",7129,6219,0.231401513496068,0.236044201346749
"1057",7129,7121,0.236044201346749,0.24588091724182
"1058",7129,7129,0.24588091724182,0.976702514985359
"1059",7129,7130,0.976702514985359,1
"1060",7211,7211,0,0.926413200775989
"1061",7211,7220,0.926413200775989,1
"1062",7212,4123,0,0.00620115631567586
"1063",7212,4132,0.00620115631567586,0.00759912645555698
"1064",7212,7219,0.00759912645555698,0.925397360864125
"1065",7212,7220,0.925397360864125,1
"1066",8111,5435,0,0.00314056002629824
"1067",8111,8111,0.00314056002629824,0.979219558761531
"1068",8111,9132,0.979219558761531,0.997912484051118
"1069",8111,9272,0.997912484051118,1
"1070",8112,8112,0,0.976267123287671
"1071",8112,9134,0.976267123287671,1
"1072",8113,8113,0,1
"1073",8114,8114,0,1
"1074",8115,8115,0,1
"1075",8116,5236,0,0.0302660050738696
"1076",8116,5316,0.0302660050738696,0.0355077600358156
"1077",8116,5449,0.0355077600358156,0.055103715863304
"1078",8116,8116,0.055103715863304,1
"1079",8117,8117,0,1
"1080",8118,8118,0,1
"1081",8119,8119,0,1
"1082",8121,8121,0,1
"1083",8122,8122,0,1
"1084",8123,8123,0,1
"1085",8124,8124,0,1
"1086",8125,5221,0,0.00563874741190304
"1087",8125,5223,0.00563874741190304,0.177112242926998
"1088",8125,5224,0.177112242926998,0.182828929756253
"1089",8125,5232,0.182828929756253,0.18832874168505
"1090",8125,5236,0.18832874168505,0.194946814819333
"1091",8125,5237,0.194946814819333,0.208626876899773
"1092",8125,5250,0.208626876899773,0.326030748794481
"1093",8125,5449,0.326030748794481,0.341327206617395
"1094",8125,8125,0.341327206617395,0.996638439042904
"1095",8125,8221,0.996638439042904,1
"1096",8126,8126,0,1
"1097",8129,5221,0,0.0184932013006208
"1098",8129,8127,0.0184932013006208,0.0227701005025126
"1099",8129,8129,0.0227701005025126,0.980620011823825
"1100",8129,8141,0.980620011823825,1
"1101",8131,5449,0,0.00716178875542773
"1102",8131,8131,0.00716178875542773,1
"1103",8132,8132,0,1
"1104",8133,8133,0,0.99525319770243
"1105",8133,8233,0.99525319770243,1
"1106",8134,8134,0,1
"1107",8135,8135,0,1
"1108",8136,5414,0,1
"1109",8137,8137,0,1
"1110",8138,3111,0,1
"1111",8139,5244,0,0.00855219759370932
"1112",8139,5413,0.00855219759370932,0.0927548584071313
"1113",8139,8113,0.0927548584071313,0.100857554830386
"1114",8139,8129,0.100857554830386,0.118598256869487
"1115",8139,8139,0.118598256869487,0.978879282666184
"1116",8139,9275,0.978879282666184,1
"1117",8141,5330,0,0.0111801128954304
"1118",8141,8141,0.0111801128954304,1
"1119",8142,5313,0,0.00706118084522238
"1120",8142,5330,0.00706118084522238,0.115772539424124
"1121",8142,8142,0.115772539424124,1
"1122",8143,5330,0,0.0388952637201757
"1123",8143,8143,0.0388952637201757,1
"1124",8149,5235,0,0.00472357877767768
"1125",8149,5313,0.00472357877767768,0.005778531127021
"1126",8149,5330,0.005778531127021,0.38823135460623
"1127",8149,8149,0.38823135460623,1
"1128",8211,8211,0,0.999230011455927
"1129",8211,8214,0.999230011455927,1
"1130",8212,8212,0,1
"1131",8213,6147,0,0.00435369676760324
"1132",8213,8213,0.00435369676760324,1
"1133",8214,6147,0,0.0090951618417028
"1134",8214,8214,0.0090951618417028,1
"1135",8215,8215,0,1
"1136",8216,8234,0,1
"1137",8217,5236,0,0.0930027686886484
"1138",8217,8232,0.0930027686886484,1
"1139",8218,8233,0,1
"1140",8219,8239,0,1
"1141",8221,8221,0,1
"1142",8222,8222,0,1
"1143",8223,8223,0,1
"1144",8229,8229,0,1
"1145",9111,9111,0,1
"1146",9112,9112,0,1
"1147",9119,9119,0,1
"1148",9121,5330,0,0.000960430006933364
"1149",9121,8149,0.000960430006933364,0.179651615778177
"1150",9121,9120,0.179651615778177,1
"1151",9129,5319,0,0.486228402865571
"1152",9129,5330,0.486228402865571,0.495507796038769
"1153",9129,8149,0.495507796038769,0.517859249894648
"1154",9129,9120,0.517859249894648,1
"1155",9131,9139,0,1
"1156",9132,6240,0,0.00812295830882261
"1157",9132,9132,0.00812295830882261,0.93273840069089
"1158",9132,9233,0.93273840069089,0.945705095310212
"1159",9132,9272,0.945705095310212,1
"1160",9133,5422,0,0.230651856470164
"1161",9133,8127,0.230651856470164,1
"1162",9134,5449,0,0.0010073129882694
"1163",9134,9134,0.0010073129882694,1
"1164",9139,8149,0,0.00218468367096102
"1165",9139,9120,0.00218468367096102,0.0158086618725959
"1166",9139,9139,0.0158086618725959,1
"1167",9141,9260,0,1
"1168",9149,7115,0,0.00855336698217222
"1169",9149,8233,0.00855336698217222,0.00904169480274227
"1170",9149,9259,0.00904169480274227,0.00953574521495962
"1171",9149,9260,0.00953574521495962,0.998976927782165
"1172",9149,9271,0.998976927782165,1
"1173",9211,9211,0,1
"1174",9219,3536,0,0.0127552491546305
"1175",9219,4159,0.0127552491546305,0.0260504862512779
"1176",9219,4162,0.0260504862512779,0.0369603397205693
"1177",9219,6121,0.0369603397205693,0.040582977273323
"1178",9219,6139,0.040582977273323,0.049338121575926
"1179",9219,9120,0.049338121575926,0.0698524207711867
"1180",9219,9219,0.0698524207711867,0.975365016120999
"1181",9219,9260,0.975365016120999,0.981677108181079
"1182",9219,9279,0.981677108181079,1
"1183",9221,9271,0,1
"1184",9222,9279,0,1
"1185",9223,5434,0,0.00314248913104014
"1186",9223,5435,0.00314248913104014,0.00342983966432718
"1187",9223,5436,0.00342983966432718,0.00508166087423289
"1188",9223,9272,0.00508166087423289,1
"1189",9224,9273,0,1
"1190",9225,5436,0,0.000624770444192853
"1191",9225,9274,0.000624770444192853,1
"1192",9226,9275,0,1
"1193",9229,3239,0,0.0382510901223968
"1194",9229,9279,0.0382510901223968,1
"1195",9231,9231,0,1
"1196",9232,6240,0,0.0778897451096621
"1197",9232,9232,0.0778897451096621,0.978660343805572
"1198",9232,9239,0.978660343805572,1
"1199",9233,6240,0,0.0615870107610407
"1200",9233,9132,0.0615870107610407,0.0708704664524872
"1201",9233,9231,0.0708704664524872,0.0722391323620674
"1202",9233,9233,0.0722391323620674,0.962835781199208
"1203",9233,9236,0.962835781199208,0.999155665694275
"1204",9233,9239,0.999155665694275,1
"1205",9234,6240,0,0.104412678682411
"1206",9234,9234,0.104412678682411,1
"1207",9235,9235,0,1
"1208",9239,9132,0,0.0158839779005525
"1209",9239,9239,0.0158839779005525,1
"1210",9241,2139,0,0.00406311778872075
"1211",9241,3315,0.00406311778872075,0.0232529384278063
"1212",9241,5114,0.0232529384278063,0.0256655044750368
"1213",9241,9241,0.0256655044750368,0.995758599618993
"1214",9241,9279,0.995758599618993,1
"1215",9242,9242,0,1
"1216",9243,9244,0,1
"1217",9244,9244,0,1
"1218",9245,9242,0,1
"1219",9249,9249,0,1
"1220",9251,7130,0,0.00300586196568397
"1221",9251,9251,0.00300586196568397,1
"1222",9259,9259,0,1
"1223",NA,NA,0,1
"1224",-9,-9,0,1
"1225",-8,-8,0,1
